<?xml version="1.0" encoding="UTF-8"?>
<metadata xml:lang="es"><Esri><CreaDate>20130904</CreaDate><CreaTime>11144100</CreaTime><ArcGISFormat>1.0</ArcGISFormat><SyncOnce>TRUE</SyncOnce><DataProperties><lineage><Process ToolSource="C:\ArcGIS\Desktop10.0\ArcToolbox\Toolboxes\Data Management Tools.tbx\CalculateField" Date="20130904" Time="110308">CalculateField OfertasTeusaquilloB Edad 10 VB #</Process><Process ToolSource="C:\ArcGIS\Desktop10.0\ArcToolbox\Toolboxes\Data Management Tools.tbx\CalculateField" Date="20130904" Time="110318">CalculateField OfertasTeusaquilloB NumBan 1 VB #</Process><Process ToolSource="C:\ArcGIS\Desktop10.0\ArcToolbox\Toolboxes\Data Management Tools.tbx\CalculateField" Date="20130904" Time="110327">CalculateField OfertasTeusaquilloB NumHab 3 VB #</Process><Process ToolSource="C:\ArcGIS\Desktop10.0\ArcToolbox\Toolboxes\Data Management Tools.tbx\CalculateField" Date="20130904" Time="110343">CalculateField OfertasTeusaquilloB TipoInmueble "Casa" VB #</Process><Process ToolSource="C:\ArcGIS\Desktop10.0\ArcToolbox\Toolboxes\Data Management Tools.tbx\CalculateField" Date="20130904" Time="110409">CalculateField OfertasTeusaquilloB Valor "350000" VB #</Process><Process ToolSource="C:\ArcGIS\Desktop10.0\ArcToolbox\Toolboxes\Data Management Tools.tbx\CalculateField" Date="20130904" Time="110500">CalculateField OfertasTeusaquilloB Direccion "Cra B Calle C" VB #</Process><Process ToolSource="C:\ArcGIS\Desktop10.0\ArcToolbox\Toolboxes\Data Management Tools.tbx\CalculateField" Date="20130904" Time="110509">CalculateField OfertasTeusaquilloB Telefono "555555" VB #</Process><Process ToolSource="C:\ArcGIS\Desktop10.0\ArcToolbox\Toolboxes\Data Management Tools.tbx\CalculateField" Date="20130904" Time="110524">CalculateField OfertasTeusaquilloB Edad 5 VB #</Process><Process ToolSource="C:\ArcGIS\Desktop10.0\ArcToolbox\Toolboxes\Data Management Tools.tbx\CalculateField" Date="20130904" Time="110532">CalculateField OfertasTeusaquilloB NumBan 2 VB #</Process><Process ToolSource="C:\ArcGIS\Desktop10.0\ArcToolbox\Toolboxes\Data Management Tools.tbx\CalculateField" Date="20130904" Time="110603">CalculateField OfertasTeusaquilloB NumHab 3 VB #</Process><Process ToolSource="C:\ArcGIS\Desktop10.0\ArcToolbox\Toolboxes\Data Management Tools.tbx\CalculateField" Date="20130904" Time="110609">CalculateField OfertasTeusaquilloB NumHab 1 VB #</Process><Process ToolSource="C:\ArcGIS\Desktop10.0\ArcToolbox\Toolboxes\Data Management Tools.tbx\CalculateField" Date="20130904" Time="110625">CalculateField OfertasTeusaquilloB TipoInmueble "Apartamento" VB #</Process><Process ToolSource="C:\ArcGIS\Desktop10.0\ArcToolbox\Toolboxes\Data Management Tools.tbx\CalculateField" Date="20130904" Time="110649">CalculateField OfertasTeusaquilloB Valor 500000 VB #</Process><Process ToolSource="C:\ArcGIS\Desktop10.0\ArcToolbox\Toolboxes\Data Management Tools.tbx\CalculateField" Date="20130904" Time="110656">CalculateField OfertasTeusaquilloB Telefono 66666666 VB #</Process><Process ToolSource="C:\ArcGIS\Desktop10.0\ArcToolbox\Toolboxes\Data Management Tools.tbx\CalculateField" Date="20130904" Time="110709">CalculateField OfertasTeusaquilloB Direccion "Cra D Cll F" VB #</Process><Process ToolSource="C:\ArcGIS\Desktop10.0\ArcToolbox\Toolboxes\Data Management Tools.tbx\CalculateField" Date="20130904" Time="110739">CalculateField OfertasTeusaquilloB Edad "15" VB #</Process><Process ToolSource="C:\ArcGIS\Desktop10.0\ArcToolbox\Toolboxes\Data Management Tools.tbx\CalculateField" Date="20130904" Time="110748">CalculateField OfertasTeusaquilloB NumBan "4" VB #</Process><Process ToolSource="C:\ArcGIS\Desktop10.0\ArcToolbox\Toolboxes\Data Management Tools.tbx\CalculateField" Date="20130904" Time="110806">CalculateField OfertasTeusaquilloB NumHab "1" VB #</Process><Process ToolSource="C:\ArcGIS\Desktop10.0\ArcToolbox\Toolboxes\Data Management Tools.tbx\CalculateField" Date="20130904" Time="110822">CalculateField OfertasTeusaquilloB Area 1500 VB #</Process><Process ToolSource="C:\ArcGIS\Desktop10.0\ArcToolbox\Toolboxes\Data Management Tools.tbx\CalculateField" Date="20130904" Time="110843">CalculateField OfertasTeusaquilloB TipoInmueble "Local" VB #</Process><Process ToolSource="C:\ArcGIS\Desktop10.0\ArcToolbox\Toolboxes\Data Management Tools.tbx\CalculateField" Date="20130904" Time="110908">CalculateField OfertasTeusaquilloB Valor 1000000 VB #</Process><Process ToolSource="C:\ArcGIS\Desktop10.0\ArcToolbox\Toolboxes\Data Management Tools.tbx\CalculateField" Date="20130904" Time="110915">CalculateField OfertasTeusaquilloB Telefono 77777777 VB #</Process><Process ToolSource="C:\ArcGIS\Desktop10.0\ArcToolbox\Toolboxes\Data Management Tools.tbx\CalculateField" Date="20130904" Time="110935">CalculateField OfertasTeusaquilloB Direccion "Cra G Cll H" VB #</Process><Process ToolSource="C:\ArcGIS\Desktop10.0\ArcToolbox\Toolboxes\Data Management Tools.tbx\CalculateField" Date="20130904" Time="111022">CalculateField OfertasTeusaquilloB Valor 20000000 VB #</Process><Process ToolSource="C:\ArcGIS\Desktop10.0\ArcToolbox\Toolboxes\Data Management Tools.tbx\CalculateField" Date="20130904" Time="111118">CalculateField OfertasTeusaquilloB Area 300 VB #</Process><Process ToolSource="C:\ArcGIS\Desktop10.0\ArcToolbox\Toolboxes\Data Management Tools.tbx\CalculateField" Date="20130904" Time="111144">CalculateField OfertasTeusaquilloB NumHab 0 VB #</Process><Process ToolSource="C:\ArcGIS\Desktop10.0\ArcToolbox\Toolboxes\Data Management Tools.tbx\CalculateField" Date="20130904" Time="111200">CalculateField OfertasTeusaquilloB TipoInmueble "Lote" VB #</Process></lineage></DataProperties></Esri></metadata>
